"species","longitude","latitude"
"Papilio",-154.8958333,19.5625
"Papilio",-154.9375,19.39583333
"Papilio",-154.9375,19.60416667
"Papilio",-154.9791667,19.4375
"Papilio",-155.1041667,19.52083333
"Papilio",-155.1041667,19.64583333
"Papilio",-155.1041667,19.6875
"Papilio",-155.1041667,19.8125
"Papilio",-155.2291667,19.97916667
"Papilio",-155.5208333,19.0625
"Papilio",-155.5208333,20.0625
"Papilio",-155.5625,20.10416667
"Papilio",-155.6458333,19.02083333
"Papilio",-155.6875,20.02083333
"Papilio",-155.7708333,20.22916667
"Papilio",-155.8125,19.72916667
"Papilio",-155.9375,19.52083333
"Papilio",-155.9791667,19.60416667
"Papilio",-155.9791667,19.64583333
"Papilio",-155.9791667,19.72916667
"Papilio",-156.1875,20.85416667
"Papilio",-156.2291667,20.89583333
"Papilio",-156.3541667,20.8125
"Papilio",-156.3541667,20.89583333
"Papilio",-156.4375,20.6875
"Papilio",-156.4375,20.72916667
"Papilio",-156.4791667,20.77083333
"Papilio",-156.4791667,20.89583333
"Papilio",-156.5208333,20.9375
"Papilio",-156.6458333,20.97916667
"Papilio",-157.7291667,21.35416667
"Papilio",-157.7291667,21.39583333
"Papilio",-157.7291667,21.47916667
"Papilio",-157.7708333,21.39583333
"Papilio",-157.7708333,21.4375
"Papilio",-157.8125,21.35416667
"Papilio",-157.8125,21.39583333
"Papilio",-157.8125,21.4375
"Papilio",-157.9375,21.64583333
"Papilio",-157.9791667,21.39583333
"Papilio",-157.9791667,21.4375
"Papilio",-158.0208333,21.4375
"Papilio",-158.0208333,21.47916667
"Papilio",-158.0208333,21.64583333
"Papilio",-158.1041667,21.5625
"Papilio",-158.1041667,21.60416667
"Papilio",-158.1458333,21.47916667
"Papilio",-158.1458333,21.5625
"Papilio",-159.3541667,21.97916667
"Papilio",-159.3541667,22.0625
"Papilio",-159.3958333,21.97916667
"Papilio",-159.4375,21.85416667
"Papilio",-159.4791667,21.89583333
"Papilio",-159.5208333,22.10416667
"Papilio",-159.6458333,22.14583333
"Papilio",100.0208333,26.85416667
"Papilio",100.1458333,25.72916667
"Papilio",100.1458333,25.85416667
"Papilio",100.1458333,26.85416667
"Papilio",100.1875,26.85416667
"Papilio",100.1875,27.27083333
"Papilio",100.2291667,26.89583333
"Papilio",101.4791667,25.14583333
"Papilio",101.9791667,29.97916667
"Papilio",102.2708333,28.4375
"Papilio",102.3125,27.77083333
"Papilio",102.5625,24.89583333
"Papilio",102.6458333,25.3125
"Papilio",102.6875,23.64583333
"Papilio",102.7291667,24.9375
"Papilio",102.7291667,25.02083333
"Papilio",102.7291667,25.0625
"Papilio",102.7708333,24.8125
"Papilio",102.7708333,25.0625
"Papilio",102.7708333,25.1875
"Papilio",102.8125,24.85416667
"Papilio",102.8541667,24.8125
"Papilio",102.8541667,25.10416667
"Papilio",102.8958333,24.89583333
"Papilio",103.2708333,29.1875
"Papilio",103.2708333,31.5625
"Papilio",103.2708333,31.60416667
"Papilio",103.4791667,30.60416667
"Papilio",103.7708333,25.0625
"Papilio",104.2291667,33.22916667
"Papilio",104.5208333,32.4375
"Papilio",105.3125,28.77083333
"Papilio",105.3541667,28.39583333
"Papilio",105.6041667,29.02083333
"Papilio",105.8958333,30.97916667
"Papilio",106.4375,29.60416667
"Papilio",106.4791667,29.5625
"Papilio",106.5208333,29.39583333
"Papilio",106.5625,28.6875
"Papilio",106.6458333,26.64583333
"Papilio",106.9791667,30.85416667
"Papilio",107.4375,33.52083333
"Papilio",107.4791667,26.02083333
"Papilio",107.4791667,29.5625
"Papilio",107.8125,33.85416667
"Papilio",107.8958333,26.60416667
"Papilio",108.0625,34.27083333
"Papilio",108.7291667,30.97916667
"Papilio",108.8958333,34.22916667
"Papilio",108.9375,34.27083333
"Papilio",109.2708333,34.39583333
"Papilio",110.1458333,23.97916667
"Papilio",110.3958333,31.60416667
"Papilio",110.4375,24.72916667
"Papilio",110.4375,24.77083333
"Papilio",110.5208333,29.3125
"Papilio",110.5625,33.0625
"Papilio",111.4791667,28.89583333
"Papilio",111.5208333,29.97916667
"Papilio",111.6875,29.6875
"Papilio",111.7291667,36.14583333
"Papilio",112.3958333,34.64583333
"Papilio",112.4791667,34.6875
"Papilio",112.4791667,34.72916667
"Papilio",112.6041667,34.52083333
"Papilio",112.9375,23.77083333
"Papilio",112.9375,23.97916667
"Papilio",112.9791667,28.1875
"Papilio",113.0208333,29.02083333
"Papilio",113.0625,28.72916667
"Papilio",113.0625,28.77083333
"Papilio",113.0625,28.8125
"Papilio",113.0625,31.10416667
"Papilio",113.1041667,29.35416667
"Papilio",113.1458333,22.97916667
"Papilio",113.1458333,23.27083333
"Papilio",113.1875,31.10416667
"Papilio",113.2291667,31.60416667
"Papilio",113.2708333,23.14583333
"Papilio",113.3125,22.14583333
"Papilio",113.3541667,23.02083333
"Papilio",113.5625,34.6875
"Papilio",113.6458333,34.72916667
"Papilio",113.6458333,35.8125
"Papilio",113.6875,23.27083333
"Papilio",113.7291667,34.77083333
"Papilio",113.8541667,22.60416667
"Papilio",113.8541667,22.6875
"Papilio",113.8958333,22.22916667
"Papilio",113.8958333,22.9375
"Papilio",113.8958333,38.47916667
"Papilio",113.9375,22.52083333
"Papilio",113.9791667,22.52083333
"Papilio",113.9791667,22.5625
"Papilio",113.9791667,38.35416667
"Papilio",114.0208333,22.4375
"Papilio",114.0208333,22.47916667
"Papilio",114.0208333,22.52083333
"Papilio",114.0208333,22.5625
"Papilio",114.0208333,22.60416667
"Papilio",114.0208333,22.72916667
"Papilio",114.0208333,38.5625
"Papilio",114.0625,22.35416667
"Papilio",114.0625,22.4375
"Papilio",114.0625,22.47916667
"Papilio",114.0625,22.52083333
"Papilio",114.0625,22.5625
"Papilio",114.0625,22.60416667
"Papilio",114.0625,22.64583333
"Papilio",114.1041667,22.39583333
"Papilio",114.1041667,22.4375
"Papilio",114.1041667,22.47916667
"Papilio",114.1041667,22.52083333
"Papilio",114.1041667,27.22916667
"Papilio",114.1458333,22.35416667
"Papilio",114.1458333,22.39583333
"Papilio",114.1458333,22.4375
"Papilio",114.1458333,22.47916667
"Papilio",114.1458333,22.52083333
"Papilio",114.1458333,22.60416667
"Papilio",114.1875,22.35416667
"Papilio",114.1875,22.39583333
"Papilio",114.1875,22.4375
"Papilio",114.1875,22.47916667
"Papilio",114.1875,22.52083333
"Papilio",114.1875,22.5625
"Papilio",114.1875,22.60416667
"Papilio",114.1875,22.6875
"Papilio",114.2291667,22.35416667
"Papilio",114.2291667,22.39583333
"Papilio",114.2291667,22.4375
"Papilio",114.2291667,22.52083333
"Papilio",114.2291667,22.5625
"Papilio",114.2708333,22.39583333
"Papilio",114.2708333,22.4375
"Papilio",114.2708333,22.47916667
"Papilio",114.2708333,30.35416667
"Papilio",114.2708333,31.97916667
"Papilio",114.3125,22.4375
"Papilio",114.3125,22.60416667
"Papilio",114.3125,29.77083333
"Papilio",114.3125,30.3125
"Papilio",114.3125,30.35416667
"Papilio",114.3125,30.60416667
"Papilio",114.3125,31.97916667
"Papilio",114.3125,34.8125
"Papilio",114.3541667,30.52083333
"Papilio",114.3541667,30.60416667
"Papilio",114.3541667,31.22916667
"Papilio",114.3958333,30.02083333
"Papilio",114.3958333,30.5625
"Papilio",114.4375,30.39583333
"Papilio",114.4375,30.52083333
"Papilio",114.4375,30.5625
"Papilio",114.4791667,30.27083333
"Papilio",114.4791667,38.02083333
"Papilio",114.5208333,38.0625
"Papilio",114.6041667,28.14583333
"Papilio",114.6875,27.97916667
"Papilio",114.7708333,22.97916667
"Papilio",114.8958333,28.0625
"Papilio",114.8958333,33.4375
"Papilio",114.9791667,28.22916667
"Papilio",115.3541667,31.5625
"Papilio",115.4375,31.5625
"Papilio",115.4791667,40.02083333
"Papilio",115.5625,39.60416667
"Papilio",115.6041667,39.64583333
"Papilio",115.6041667,39.9375
"Papilio",115.6458333,39.9375
"Papilio",115.6875,39.9375
"Papilio",115.7708333,28.77083333
"Papilio",115.8125,25.1875
"Papilio",115.8125,25.5625
"Papilio",115.8125,28.77083333
"Papilio",115.8541667,40.39583333
"Papilio",115.9375,39.72916667
"Papilio",115.9791667,39.10416667
"Papilio",116.0208333,40.0625
"Papilio",116.0625,40.10416667
"Papilio",116.1041667,40.27083333
"Papilio",116.1458333,40.27083333
"Papilio",116.1875,39.72916667
"Papilio",116.1875,39.97916667
"Papilio",116.1875,40.02083333
"Papilio",116.1875,40.35416667
"Papilio",116.2291667,33.8125
"Papilio",116.2291667,39.97916667
"Papilio",116.2291667,40.02083333
"Papilio",116.2708333,39.97916667
"Papilio",116.3125,39.9375
"Papilio",116.3541667,39.97916667
"Papilio",116.3541667,40.02083333
"Papilio",116.3541667,40.10416667
"Papilio",116.3958333,39.1875
"Papilio",116.3958333,39.89583333
"Papilio",116.3958333,39.9375
"Papilio",116.3958333,40.02083333
"Papilio",116.4375,39.97916667
"Papilio",116.4791667,39.8125
"Papilio",116.5208333,40.4375
"Papilio",116.5625,40.1875
"Papilio",116.6458333,29.8125
"Papilio",116.6458333,40.39583333
"Papilio",116.6875,36.3125
"Papilio",116.6875,40.39583333
"Papilio",116.6875,40.52083333
"Papilio",116.6875,40.5625
"Papilio",116.7291667,40.64583333
"Papilio",116.7708333,40.47916667
"Papilio",116.8541667,36.52083333
"Papilio",116.9791667,36.27083333
"Papilio",116.9791667,39.10416667
"Papilio",116.9791667,39.39583333
"Papilio",117.0625,30.52083333
"Papilio",117.0625,36.4375
"Papilio",117.1041667,36.52083333
"Papilio",117.1041667,36.60416667
"Papilio",117.1458333,36.52083333
"Papilio",117.1875,31.85416667
"Papilio",117.1875,36.47916667
"Papilio",117.1875,36.77083333
"Papilio",117.1875,39.0625
"Papilio",117.2291667,40.27083333
"Papilio",117.2708333,31.85416667
"Papilio",117.3958333,40.64583333
"Papilio",117.4791667,39.1875
"Papilio",117.4791667,40.64583333
"Papilio",117.5208333,40.14583333
"Papilio",117.7291667,31.9375
"Papilio",117.7291667,36.22916667
"Papilio",117.7291667,36.5625
"Papilio",117.7708333,36.52083333
"Papilio",117.9791667,27.6875
"Papilio",117.9791667,29.97916667
"Papilio",117.9791667,36.5625
"Papilio",118.0208333,30.89583333
"Papilio",118.0625,24.47916667
"Papilio",118.1458333,31.0625
"Papilio",118.2291667,33.47916667
"Papilio",118.2708333,32.27083333
"Papilio",118.3958333,32.0625
"Papilio",118.4375,39.72916667
"Papilio",118.5208333,32.02083333
"Papilio",118.5208333,32.0625
"Papilio",118.5625,32.0625
"Papilio",118.5625,32.10416667
"Papilio",118.6041667,32.10416667
"Papilio",118.6458333,32.0625
"Papilio",118.7291667,31.89583333
"Papilio",118.7708333,32.0625
"Papilio",118.7708333,32.10416667
"Papilio",118.8125,31.64583333
"Papilio",118.8125,32.0625
"Papilio",118.8125,32.10416667
"Papilio",118.8125,32.14583333
"Papilio",118.8541667,31.89583333
"Papilio",118.8541667,32.0625
"Papilio",118.8541667,32.10416667
"Papilio",118.8958333,29.47916667
"Papilio",118.8958333,31.89583333
"Papilio",118.9375,26.85416667
"Papilio",118.9375,31.89583333
"Papilio",118.9375,31.97916667
"Papilio",118.9791667,32.02083333
"Papilio",118.9791667,32.0625
"Papilio",118.9791667,32.10416667
"Papilio",118.9791667,32.14583333
"Papilio",118.9791667,33.60416667
"Papilio",119.0208333,31.60416667
"Papilio",119.0208333,32.0625
"Papilio",119.0208333,32.10416667
"Papilio",119.0208333,32.14583333
"Papilio",119.0625,32.0625
"Papilio",119.1041667,31.5625
"Papilio",119.1041667,32.10416667
"Papilio",119.1041667,32.22916667
"Papilio",119.1041667,36.6875
"Papilio",119.2708333,26.02083333
"Papilio",119.3125,31.64583333
"Papilio",119.3541667,32.14583333
"Papilio",119.3958333,25.9375
"Papilio",119.3958333,32.14583333
"Papilio",119.4375,30.64583333
"Papilio",119.4375,32.1875
"Papilio",119.4791667,31.27083333
"Papilio",119.5625,29.77083333
"Papilio",119.5625,30.77083333
"Papilio",119.6875,31.22916667
"Papilio",119.7708333,36.35416667
"Papilio",119.8125,31.1875
"Papilio",119.8125,40.02083333
"Papilio",119.8958333,30.64583333
"Papilio",119.9791667,31.8125
"Papilio",120.0208333,29.22916667
"Papilio",120.0208333,30.1875
"Papilio",120.1458333,28.6875
"Papilio",120.1458333,30.22916667
"Papilio",120.1875,23.0625
"Papilio",120.2291667,23.0625
"Papilio",120.2708333,27.02083333
"Papilio",120.3125,23.6875
"Papilio",120.3958333,23.22916667
"Papilio",120.3958333,23.72916667
"Papilio",120.4375,23.27083333
"Papilio",120.4375,31.22916667
"Papilio",120.4375,36.0625
"Papilio",120.4375,36.10416667
"Papilio",120.4791667,23.47916667
"Papilio",120.4791667,31.22916667
"Papilio",120.4791667,31.3125
"Papilio",120.5625,24.0625
"Papilio",120.5625,24.1875
"Papilio",120.6041667,23.60416667
"Papilio",120.6041667,23.89583333
"Papilio",120.6041667,23.97916667
"Papilio",120.6041667,24.10416667
"Papilio",120.6041667,24.22916667
"Papilio",120.6041667,36.1875
"Papilio",120.6458333,23.72916667
"Papilio",120.6458333,31.3125
"Papilio",120.6875,23.97916667
"Papilio",120.6875,24.14583333
"Papilio",120.7291667,23.9375
"Papilio",120.7291667,24.0625
"Papilio",120.7291667,24.1875
"Papilio",120.7291667,24.22916667
"Papilio",120.7291667,24.3125
"Papilio",120.7291667,24.4375
"Papilio",120.7291667,24.52083333
"Papilio",120.7708333,23.64583333
"Papilio",120.7708333,23.85416667
"Papilio",120.7708333,23.9375
"Papilio",120.7708333,24.0625
"Papilio",120.7708333,24.1875
"Papilio",120.7708333,24.27083333
"Papilio",120.7708333,24.3125
"Papilio",120.8125,23.8125
"Papilio",120.8125,24.10416667
"Papilio",120.8125,24.1875
"Papilio",120.8125,24.22916667
"Papilio",120.8125,24.27083333
"Papilio",120.8541667,23.9375
"Papilio",120.8541667,23.97916667
"Papilio",120.8541667,24.27083333
"Papilio",120.8958333,29.52083333
"Papilio",120.9375,23.89583333
"Papilio",120.9375,24.60416667
"Papilio",120.9375,24.64583333
"Papilio",120.9791667,23.97916667
"Papilio",120.9791667,24.14583333
"Papilio",120.9791667,24.72916667
"Papilio",120.9791667,24.77083333
"Papilio",121.0208333,24.64583333
"Papilio",121.0208333,24.72916667
"Papilio",121.0625,24.6875
"Papilio",121.0625,24.77083333
"Papilio",121.0625,24.8125
"Papilio",121.1041667,24.72916667
"Papilio",121.1041667,24.77083333
"Papilio",121.1041667,24.8125
"Papilio",121.1041667,24.85416667
"Papilio",121.1041667,29.72916667
"Papilio",121.1458333,24.6875
"Papilio",121.1875,24.10416667
"Papilio",121.1875,24.77083333
"Papilio",121.1875,24.85416667
"Papilio",121.1875,25.0625
"Papilio",121.1875,31.0625
"Papilio",121.2291667,24.77083333
"Papilio",121.2291667,31.14583333
"Papilio",121.3541667,24.9375
"Papilio",121.3541667,24.97916667
"Papilio",121.3541667,37.47916667
"Papilio",121.3958333,37.27083333
"Papilio",121.4375,31.14583333
"Papilio",121.4375,38.9375
"Papilio",121.5208333,25.02083333
"Papilio",121.5208333,25.10416667
"Papilio",121.5208333,25.27083333
"Papilio",121.5208333,29.85416667
"Papilio",121.5625,24.89583333
"Papilio",121.5625,24.97916667
"Papilio",121.5625,29.9375
"Papilio",121.5625,31.22916667
"Papilio",121.6041667,38.89583333
"Papilio",121.7291667,37.27083333
"Papilio",121.7708333,24.85416667
"Papilio",121.7708333,29.8125
"Papilio",121.7708333,39.02083333
"Papilio",121.8125,29.39583333
"Papilio",121.9375,29.1875
"Papilio",122.0208333,29.72916667
"Papilio",122.0208333,30.10416667
"Papilio",122.1041667,48.52083333
"Papilio",122.4375,37.35416667
"Papilio",122.4375,37.39583333
"Papilio",123.6458333,41.9375
"Papilio",123.6458333,42.0625
"Papilio",125.8958333,34.77083333
"Papilio",125.9791667,34.6875
"Papilio",125.9791667,34.77083333
"Papilio",126.0625,34.89583333
"Papilio",126.1041667,34.85416667
"Papilio",126.1041667,35.0625
"Papilio",126.1458333,34.97916667
"Papilio",126.1458333,43.60416667
"Papilio",126.1875,35.02083333
"Papilio",126.1875,35.0625
"Papilio",126.1875,36.6875
"Papilio",126.1875,36.77083333
"Papilio",126.1875,36.89583333
"Papilio",126.2291667,36.8125
"Papilio",126.2708333,35.10416667
"Papilio",126.2708333,36.6875
"Papilio",126.2708333,36.72916667
"Papilio",126.2708333,36.77083333
"Papilio",126.2708333,36.8125
"Papilio",126.3125,34.47916667
"Papilio",126.3125,36.77083333
"Papilio",126.3125,36.8125
"Papilio",126.3125,36.89583333
"Papilio",126.3541667,33.47916667
"Papilio",126.3541667,35.14583333
"Papilio",126.3541667,35.22916667
"Papilio",126.3541667,37.6875
"Papilio",126.3541667,37.77083333
"Papilio",126.3958333,33.39583333
"Papilio",126.3958333,33.47916667
"Papilio",126.3958333,34.52083333
"Papilio",126.3958333,34.60416667
"Papilio",126.3958333,36.72916667
"Papilio",126.3958333,36.77083333
"Papilio",126.3958333,36.8125
"Papilio",126.4375,33.39583333
"Papilio",126.4375,33.4375
"Papilio",126.4375,34.5625
"Papilio",126.4375,34.85416667
"Papilio",126.4375,34.9375
"Papilio",126.4375,35.1875
"Papilio",126.4375,35.3125
"Papilio",126.4375,36.6875
"Papilio",126.4375,36.72916667
"Papilio",126.4375,36.77083333
"Papilio",126.4375,36.8125
"Papilio",126.4375,37.6875
"Papilio",126.4375,37.72916667
"Papilio",126.4375,37.77083333
"Papilio",126.4791667,33.35416667
"Papilio",126.4791667,33.4375
"Papilio",126.4791667,33.47916667
"Papilio",126.4791667,34.5625
"Papilio",126.4791667,34.9375
"Papilio",126.4791667,34.97916667
"Papilio",126.4791667,35.02083333
"Papilio",126.4791667,35.0625
"Papilio",126.4791667,35.1875
"Papilio",126.4791667,35.22916667
"Papilio",126.4791667,36.77083333
"Papilio",126.4791667,37.77083333
"Papilio",126.5208333,33.4375
"Papilio",126.5208333,33.47916667
"Papilio",126.5208333,34.39583333
"Papilio",126.5208333,34.89583333
"Papilio",126.5208333,34.9375
"Papilio",126.5208333,35.10416667
"Papilio",126.5208333,35.1875
"Papilio",126.5208333,36.5625
"Papilio",126.5208333,36.72916667
"Papilio",126.5208333,37.72916667
"Papilio",126.5208333,37.77083333
"Papilio",126.5625,33.4375
"Papilio",126.5625,34.35416667
"Papilio",126.5625,34.47916667
"Papilio",126.5625,34.5625
"Papilio",126.5625,34.72916667
"Papilio",126.5625,34.77083333
"Papilio",126.5625,34.8125
"Papilio",126.5625,34.9375
"Papilio",126.5625,35.1875
"Papilio",126.5625,35.4375
"Papilio",126.5625,35.47916667
"Papilio",126.5625,36.22916667
"Papilio",126.5625,36.3125
"Papilio",126.5625,36.4375
"Papilio",126.5625,36.6875
"Papilio",126.5625,36.8125
"Papilio",126.5625,37.27083333
"Papilio",126.5625,37.6875
"Papilio",126.5625,37.72916667
"Papilio",126.6041667,33.39583333
"Papilio",126.6041667,34.4375
"Papilio",126.6041667,34.47916667
"Papilio",126.6041667,35.10416667
"Papilio",126.6041667,36.1875
"Papilio",126.6041667,36.22916667
"Papilio",126.6041667,36.39583333
"Papilio",126.6041667,36.64583333
"Papilio",126.6041667,36.72916667
"Papilio",126.6041667,36.77083333
"Papilio",126.6458333,33.35416667
"Papilio",126.6458333,33.39583333
"Papilio",126.6458333,34.4375
"Papilio",126.6458333,34.6875
"Papilio",126.6458333,35.14583333
"Papilio",126.6458333,36.35416667
"Papilio",126.6458333,36.47916667
"Papilio",126.6458333,36.64583333
"Papilio",126.6458333,36.6875
"Papilio",126.6458333,36.72916667
"Papilio",126.6875,33.35416667
"Papilio",126.6875,33.39583333
"Papilio",126.6875,34.52083333
"Papilio",126.6875,34.5625
"Papilio",126.6875,34.60416667
"Papilio",126.6875,35.0625
"Papilio",126.6875,35.10416667
"Papilio",126.6875,35.1875
"Papilio",126.6875,35.3125
"Papilio",126.6875,35.5625
"Papilio",126.6875,35.64583333
"Papilio",126.6875,35.97916667
"Papilio",126.6875,36.0625
"Papilio",126.6875,36.1875
"Papilio",126.6875,36.3125
"Papilio",126.6875,36.4375
"Papilio",126.6875,36.72916667
"Papilio",126.6875,36.77083333
"Papilio",126.6875,37.1875
"Papilio",126.6875,37.22916667
"Papilio",126.6875,37.72916667
"Papilio",126.7291667,33.4375
"Papilio",126.7291667,33.47916667
"Papilio",126.7291667,34.8125
"Papilio",126.7291667,34.89583333
"Papilio",126.7291667,35.0625
"Papilio",126.7291667,35.3125
"Papilio",126.7291667,35.39583333
"Papilio",126.7291667,35.5625
"Papilio",126.7291667,35.72916667
"Papilio",126.7291667,36.52083333
"Papilio",126.7291667,36.5625
"Papilio",126.7291667,36.9375
"Papilio",126.7291667,37.5625
"Papilio",126.7291667,37.77083333
"Papilio",126.7291667,37.85416667
"Papilio",126.7291667,37.89583333
"Papilio",126.7291667,37.9375
"Papilio",126.7708333,33.35416667
"Papilio",126.7708333,33.47916667
"Papilio",126.7708333,34.72916667
"Papilio",126.7708333,34.77083333
"Papilio",126.7708333,35.1875
"Papilio",126.7708333,35.4375
"Papilio",126.7708333,35.47916667
"Papilio",126.7708333,35.60416667
"Papilio",126.7708333,36.3125
"Papilio",126.7708333,36.60416667
"Papilio",126.7708333,36.8125
"Papilio",126.7708333,36.89583333
"Papilio",126.7708333,37.4375
"Papilio",126.7708333,37.6875
"Papilio",126.8125,33.39583333
"Papilio",126.8125,33.47916667
"Papilio",126.8125,34.6875
"Papilio",126.8125,34.72916667
"Papilio",126.8125,34.8125
"Papilio",126.8125,34.9375
"Papilio",126.8125,35.64583333
"Papilio",126.8125,35.85416667
"Papilio",126.8125,35.97916667
"Papilio",126.8125,36.1875
"Papilio",126.8125,36.3125
"Papilio",126.8125,36.4375
"Papilio",126.8125,36.52083333
"Papilio",126.8125,36.5625
"Papilio",126.8125,37.1875
"Papilio",126.8125,37.39583333
"Papilio",126.8125,37.52083333
"Papilio",126.8125,37.5625
"Papilio",126.8125,37.72916667
"Papilio",126.8541667,34.52083333
"Papilio",126.8541667,34.72916667
"Papilio",126.8541667,34.8125
"Papilio",126.8541667,35.0625
"Papilio",126.8541667,35.39583333
"Papilio",126.8541667,36.10416667
"Papilio",126.8541667,36.27083333
"Papilio",126.8541667,36.3125
"Papilio",126.8541667,36.39583333
"Papilio",126.8541667,36.4375
"Papilio",126.8541667,36.64583333
"Papilio",126.8541667,36.6875
"Papilio",126.8541667,37.35416667
"Papilio",126.8541667,37.64583333
"Papilio",126.8541667,37.72916667
"Papilio",126.8541667,37.85416667
"Papilio",126.8541667,37.89583333
"Papilio",126.8541667,38.02083333
"Papilio",126.8958333,33.4375
"Papilio",126.8958333,33.47916667
"Papilio",126.8958333,34.5625
"Papilio",126.8958333,34.85416667
"Papilio",126.8958333,35.47916667
"Papilio",126.8958333,36.0625
"Papilio",126.8958333,36.39583333
"Papilio",126.8958333,36.4375
"Papilio",126.8958333,36.5625
"Papilio",126.8958333,37.35416667
"Papilio",126.8958333,37.47916667
"Papilio",126.8958333,37.72916667
"Papilio",126.8958333,38.0625
"Papilio",126.9375,33.4375
"Papilio",126.9375,33.47916667
"Papilio",126.9375,34.5625
"Papilio",126.9375,34.64583333
"Papilio",126.9375,35.0625
"Papilio",126.9375,35.1875
"Papilio",126.9375,35.3125
"Papilio",126.9375,35.4375
"Papilio",126.9375,35.5625
"Papilio",126.9375,35.6875
"Papilio",126.9375,35.77083333
"Papilio",126.9375,35.97916667
"Papilio",126.9375,36.1875
"Papilio",126.9375,36.27083333
"Papilio",126.9375,36.3125
"Papilio",126.9375,36.5625
"Papilio",126.9375,36.6875
"Papilio",126.9375,36.8125
"Papilio",126.9375,37.0625
"Papilio",126.9375,37.35416667
"Papilio",126.9375,37.4375
"Papilio",126.9375,37.5625
"Papilio",126.9375,37.60416667
"Papilio",126.9375,37.6875
"Papilio",126.9375,37.72916667
"Papilio",126.9375,37.77083333
"Papilio",126.9375,37.85416667
"Papilio",126.9375,37.9375
"Papilio",126.9375,38.0625
"Papilio",126.9791667,33.47916667
"Papilio",126.9791667,35.0625
"Papilio",126.9791667,35.1875
"Papilio",126.9791667,35.39583333
"Papilio",126.9791667,35.6875
"Papilio",126.9791667,36.02083333
"Papilio",126.9791667,36.60416667
"Papilio",126.9791667,36.77083333
"Papilio",126.9791667,37.52083333
"Papilio",126.9791667,37.5625
"Papilio",126.9791667,37.9375
"Papilio",126.9791667,38.0625
"Papilio",126.9791667,38.14583333
"Papilio",127.0208333,35.35416667
"Papilio",127.0208333,35.6875
"Papilio",127.0208333,36.02083333
"Papilio",127.0208333,36.5625
"Papilio",127.0208333,36.64583333
"Papilio",127.0208333,36.6875
"Papilio",127.0208333,36.8125
"Papilio",127.0208333,36.85416667
"Papilio",127.0208333,36.89583333
"Papilio",127.0208333,37.1875
"Papilio",127.0208333,37.52083333
"Papilio",127.0208333,37.6875
"Papilio",127.0208333,37.77083333
"Papilio",127.0208333,38.0625
"Papilio",127.0625,34.6875
"Papilio",127.0625,34.8125
"Papilio",127.0625,34.9375
"Papilio",127.0625,35.0625
"Papilio",127.0625,35.1875
"Papilio",127.0625,35.3125
"Papilio",127.0625,35.4375
"Papilio",127.0625,35.77083333
"Papilio",127.0625,35.8125
"Papilio",127.0625,36.02083333
"Papilio",127.0625,36.4375
"Papilio",127.0625,36.5625
"Papilio",127.0625,36.6875
"Papilio",127.0625,37.3125
"Papilio",127.0625,37.52083333
"Papilio",127.0625,37.64583333
"Papilio",127.0625,37.6875
"Papilio",127.0625,37.89583333
"Papilio",127.0625,37.97916667
"Papilio",127.0625,38.02083333
"Papilio",127.0625,38.0625
"Papilio",127.0625,38.10416667
"Papilio",127.0625,38.14583333
"Papilio",127.1041667,34.77083333
"Papilio",127.1041667,34.9375
"Papilio",127.1041667,35.10416667
"Papilio",127.1041667,35.27083333
"Papilio",127.1041667,35.60416667
"Papilio",127.1041667,35.72916667
"Papilio",127.1041667,35.77083333
"Papilio",127.1041667,35.97916667
"Papilio",127.1041667,36.4375
"Papilio",127.1041667,36.47916667
"Papilio",127.1041667,36.6875
"Papilio",127.1041667,36.8125
"Papilio",127.1041667,37.0625
"Papilio",127.1041667,37.5625
"Papilio",127.1041667,37.6875
"Papilio",127.1041667,37.72916667
"Papilio",127.1041667,38.1875
"Papilio",127.1458333,35.4375
"Papilio",127.1458333,35.5625
"Papilio",127.1458333,35.97916667
"Papilio",127.1458333,36.64583333
"Papilio",127.1458333,36.85416667
"Papilio",127.1458333,37.72916667
"Papilio",127.1458333,37.77083333
"Papilio",127.1458333,37.89583333
"Papilio",127.1458333,37.9375
"Papilio",127.1458333,38.02083333
"Papilio",127.1458333,38.27083333
"Papilio",127.1875,34.9375
"Papilio",127.1875,35.0625
"Papilio",127.1875,35.1875
"Papilio",127.1875,35.39583333
"Papilio",127.1875,35.4375
"Papilio",127.1875,35.47916667
"Papilio",127.1875,35.52083333
"Papilio",127.1875,35.72916667
"Papilio",127.1875,35.8125
"Papilio",127.1875,35.9375
"Papilio",127.1875,36.10416667
"Papilio",127.1875,36.1875
"Papilio",127.1875,36.27083333
"Papilio",127.1875,36.35416667
"Papilio",127.1875,36.5625
"Papilio",127.1875,36.64583333
"Papilio",127.1875,36.72916667
"Papilio",127.1875,36.8125
"Papilio",127.1875,37.0625
"Papilio",127.1875,37.1875
"Papilio",127.1875,37.3125
"Papilio",127.1875,37.4375
"Papilio",127.1875,37.47916667
"Papilio",127.1875,37.72916667
"Papilio",127.1875,37.77083333
"Papilio",127.1875,38.02083333
"Papilio",127.1875,38.10416667
"Papilio",127.1875,38.14583333
"Papilio",127.1875,38.1875
"Papilio",127.2291667,34.64583333
"Papilio",127.2291667,34.85416667
"Papilio",127.2291667,35.3125
"Papilio",127.2291667,35.4375
"Papilio",127.2291667,35.47916667
"Papilio",127.2291667,36.22916667
"Papilio",127.2291667,36.27083333
"Papilio",127.2291667,36.4375
"Papilio",127.2291667,36.47916667
"Papilio",127.2291667,36.6875
"Papilio",127.2291667,36.77083333
"Papilio",127.2291667,36.8125
"Papilio",127.2291667,36.85416667
"Papilio",127.2291667,36.89583333
"Papilio",127.2291667,37.22916667
"Papilio",127.2291667,37.4375
"Papilio",127.2291667,37.52083333
"Papilio",127.2291667,37.6875
"Papilio",127.2291667,37.8125
"Papilio",127.2291667,38.02083333
"Papilio",127.2291667,38.1875
"Papilio",127.2291667,38.27083333
"Papilio",127.2708333,34.52083333
"Papilio",127.2708333,35.3125
"Papilio",127.2708333,35.5625
"Papilio",127.2708333,35.72916667
"Papilio",127.2708333,36.3125
"Papilio",127.2708333,36.52083333
"Papilio",127.2708333,36.60416667
"Papilio",127.2708333,36.77083333
"Papilio",127.2708333,36.85416667
"Papilio",127.2708333,36.9375
"Papilio",127.2708333,37.27083333
"Papilio",127.2708333,37.35416667
"Papilio",127.2708333,37.4375
"Papilio",127.2708333,37.5625
"Papilio",127.2708333,37.6875
"Papilio",127.2708333,37.77083333
"Papilio",127.2708333,37.8125
"Papilio",127.3125,34.5625
"Papilio",127.3125,34.97916667
"Papilio",127.3125,35.1875
"Papilio",127.3125,35.4375
"Papilio",127.3125,35.47916667
"Papilio",127.3125,35.8125
"Papilio",127.3125,35.9375
"Papilio",127.3125,36.0625
"Papilio",127.3125,36.1875
"Papilio",127.3125,36.4375
"Papilio",127.3125,36.6875
"Papilio",127.3125,36.85416667
"Papilio",127.3125,36.9375
"Papilio",127.3125,37.0625
"Papilio",127.3125,37.1875
"Papilio",127.3125,37.3125
"Papilio",127.3125,37.39583333
"Papilio",127.3125,37.4375
"Papilio",127.3125,37.5625
"Papilio",127.3125,37.6875
"Papilio",127.3125,37.89583333
"Papilio",127.3125,38.0625
"Papilio",127.3125,38.22916667
"Papilio",127.3541667,34.97916667
"Papilio",127.3541667,35.6875
"Papilio",127.3541667,35.72916667
"Papilio",127.3541667,35.9375
"Papilio",127.3541667,36.0625
"Papilio",127.3541667,36.35416667
"Papilio",127.3541667,36.4375
"Papilio",127.3541667,36.5625
"Papilio",127.3541667,36.77083333
"Papilio",127.3541667,36.85416667
"Papilio",127.3541667,37.22916667
"Papilio",127.3541667,37.39583333
"Papilio",127.3541667,37.72916667
"Papilio",127.3541667,38.14583333
"Papilio",127.3541667,50.64583333
"Papilio",127.3958333,34.85416667
"Papilio",127.3958333,35.47916667
"Papilio",127.3958333,35.6875
"Papilio",127.3958333,35.77083333
"Papilio",127.3958333,36.10416667
"Papilio",127.3958333,36.4375
"Papilio",127.3958333,36.8125
"Papilio",127.3958333,36.9375
"Papilio",127.3958333,37.52083333
"Papilio",127.3958333,37.6875
"Papilio",127.4375,34.9375
"Papilio",127.4375,35.3125
"Papilio",127.4375,35.4375
"Papilio",127.4375,35.72916667
"Papilio",127.4375,35.9375
"Papilio",127.4375,36.0625
"Papilio",127.4375,36.1875
"Papilio",127.4375,36.3125
"Papilio",127.4375,36.39583333
"Papilio",127.4375,36.5625
"Papilio",127.4375,36.77083333
"Papilio",127.4375,36.85416667
"Papilio",127.4375,37.1875
"Papilio",127.4375,37.22916667
"Papilio",127.4375,37.27083333
"Papilio",127.4375,37.3125
"Papilio",127.4375,37.4375
"Papilio",127.4375,37.47916667
"Papilio",127.4375,37.60416667
"Papilio",127.4375,37.64583333
"Papilio",127.4375,37.6875
"Papilio",127.4375,38.22916667
"Papilio",127.4791667,35.52083333
"Papilio",127.4791667,35.6875
"Papilio",127.4791667,35.72916667
"Papilio",127.4791667,35.85416667
"Papilio",127.4791667,36.27083333
"Papilio",127.4791667,36.3125
"Papilio",127.4791667,36.47916667
"Papilio",127.4791667,36.60416667
"Papilio",127.4791667,36.64583333
"Papilio",127.4791667,36.77083333
"Papilio",127.4791667,37.47916667
"Papilio",127.4791667,37.5625
"Papilio",127.4791667,37.6875
"Papilio",127.4791667,37.97916667
"Papilio",127.4791667,38.0625
"Papilio",127.4791667,38.1875
"Papilio",127.5208333,35.60416667
"Papilio",127.5208333,35.85416667
"Papilio",127.5208333,35.9375
"Papilio",127.5208333,36.0625
"Papilio",127.5208333,36.10416667
"Papilio",127.5208333,36.3125
"Papilio",127.5208333,36.60416667
"Papilio",127.5208333,36.8125
"Papilio",127.5208333,36.85416667
"Papilio",127.5208333,37.1875
"Papilio",127.5208333,37.22916667
"Papilio",127.5208333,37.64583333
"Papilio",127.5208333,37.85416667
"Papilio",127.5208333,38.1875
"Papilio",127.5625,34.85416667
"Papilio",127.5625,34.9375
"Papilio",127.5625,34.97916667
"Papilio",127.5625,35.0625
"Papilio",127.5625,35.4375
"Papilio",127.5625,35.64583333
"Papilio",127.5625,35.8125
"Papilio",127.5625,35.9375
"Papilio",127.5625,36.1875
"Papilio",127.5625,36.27083333
"Papilio",127.5625,36.3125
"Papilio",127.5625,36.4375
"Papilio",127.5625,36.5625
"Papilio",127.5625,36.6875
"Papilio",127.5625,36.8125
"Papilio",127.5625,36.9375
"Papilio",127.5625,37.0625
"Papilio",127.5625,37.14583333
"Papilio",127.5625,37.3125
"Papilio",127.5625,37.35416667
"Papilio",127.5625,37.4375
"Papilio",127.5625,37.47916667
"Papilio",127.5625,37.5625
"Papilio",127.5625,37.6875
"Papilio",127.5625,37.8125
"Papilio",127.5625,37.97916667
"Papilio",127.5625,38.1875
"Papilio",127.6041667,35.22916667
"Papilio",127.6041667,35.52083333
"Papilio",127.6041667,35.5625
"Papilio",127.6041667,35.60416667
"Papilio",127.6041667,35.64583333
"Papilio",127.6041667,35.6875
"Papilio",127.6041667,36.3125
"Papilio",127.6041667,36.39583333
"Papilio",127.6041667,36.4375
"Papilio",127.6041667,36.47916667
"Papilio",127.6041667,36.6875
"Papilio",127.6041667,37.10416667
"Papilio",127.6041667,37.27083333
"Papilio",127.6041667,37.3125
"Papilio",127.6041667,37.8125
"Papilio",127.6041667,38.14583333
"Papilio",127.6458333,34.9375
"Papilio",127.6458333,35.60416667
"Papilio",127.6458333,35.8125
"Papilio",127.6458333,35.97916667
"Papilio",127.6458333,36.27083333
"Papilio",127.6458333,36.4375
"Papilio",127.6458333,36.5625
"Papilio",127.6458333,36.72916667
"Papilio",127.6458333,36.85416667
"Papilio",127.6458333,36.9375
"Papilio",127.6458333,37.02083333
"Papilio",127.6458333,37.27083333
"Papilio",127.6458333,37.9375
"Papilio",127.6458333,38.1875
"Papilio",127.6875,34.5625
"Papilio",127.6875,34.72916667
"Papilio",127.6875,34.77083333
"Papilio",127.6875,34.8125
"Papilio",127.6875,35.0625
"Papilio",127.6875,35.1875
"Papilio",127.6875,35.4375
"Papilio",127.6875,35.5625
"Papilio",127.6875,35.60416667
"Papilio",127.6875,35.8125
"Papilio",127.6875,35.9375
"Papilio",127.6875,36.0625
"Papilio",127.6875,36.14583333
"Papilio",127.6875,36.27083333
"Papilio",127.6875,36.3125
"Papilio",127.6875,36.39583333
"Papilio",127.6875,36.4375
"Papilio",127.6875,36.47916667
"Papilio",127.6875,36.60416667
"Papilio",127.6875,36.6875
"Papilio",127.6875,36.8125
"Papilio",127.6875,36.9375
"Papilio",127.6875,36.97916667
"Papilio",127.6875,37.14583333
"Papilio",127.6875,37.1875
"Papilio",127.6875,37.3125
"Papilio",127.6875,37.4375
"Papilio",127.6875,37.5625
"Papilio",127.6875,37.6875
"Papilio",127.6875,37.8125
"Papilio",127.6875,37.9375
"Papilio",127.6875,49.85416667
"Papilio",127.7291667,34.72916667
"Papilio",127.7291667,35.4375
"Papilio",127.7291667,35.47916667
"Papilio",127.7291667,35.5625
"Papilio",127.7291667,35.64583333
"Papilio",127.7291667,35.97916667
"Papilio",127.7291667,36.27083333
"Papilio",127.7291667,36.5625
"Papilio",127.7291667,36.60416667
"Papilio",127.7291667,36.9375
"Papilio",127.7291667,37.3125
"Papilio",127.7291667,37.4375
"Papilio",127.7291667,37.6875
"Papilio",127.7291667,37.8125
"Papilio",127.7291667,37.9375
"Papilio",127.7708333,34.60416667
"Papilio",127.7708333,34.64583333
"Papilio",127.7708333,34.6875
"Papilio",127.7708333,35.1875
"Papilio",127.7708333,35.52083333
"Papilio",127.7708333,35.77083333
"Papilio",127.7708333,35.89583333
"Papilio",127.7708333,36.52083333
"Papilio",127.7708333,36.64583333
"Papilio",127.7708333,36.6875
"Papilio",127.7708333,37.1875
"Papilio",127.7708333,37.27083333
"Papilio",127.7708333,37.39583333
"Papilio",127.7708333,38.14583333
"Papilio",127.8125,34.8125
"Papilio",127.8125,35.02083333
"Papilio",127.8125,35.0625
"Papilio",127.8125,35.1875
"Papilio",127.8125,35.3125
"Papilio",127.8125,35.4375
"Papilio",127.8125,35.47916667
"Papilio",127.8125,35.6875
"Papilio",127.8125,35.8125
"Papilio",127.8125,35.89583333
"Papilio",127.8125,35.9375
"Papilio",127.8125,36.0625
"Papilio",127.8125,36.1875
"Papilio",127.8125,36.27083333
"Papilio",127.8125,36.3125
"Papilio",127.8125,36.47916667
"Papilio",127.8125,36.5625
"Papilio",127.8125,36.60416667
"Papilio",127.8125,36.6875
"Papilio",127.8125,36.72916667
"Papilio",127.8125,36.77083333
"Papilio",127.8125,36.8125
"Papilio",127.8125,36.9375
"Papilio",127.8125,37.0625
"Papilio",127.8125,37.1875
"Papilio",127.8125,37.4375
"Papilio",127.8125,37.5625
"Papilio",127.8125,37.8125
"Papilio",127.8125,37.85416667
"Papilio",127.8125,37.9375
"Papilio",127.8125,38.02083333
"Papilio",127.8125,38.27083333
"Papilio",127.8541667,34.72916667
"Papilio",127.8541667,34.77083333
"Papilio",127.8541667,34.8125
"Papilio",127.8541667,34.85416667
"Papilio",127.8541667,34.89583333
"Papilio",127.8541667,34.97916667
"Papilio",127.8541667,35.5625
"Papilio",127.8541667,35.6875
"Papilio",127.8541667,35.72916667
"Papilio",127.8541667,36.27083333
"Papilio",127.8541667,36.4375
"Papilio",127.8541667,36.47916667
"Papilio",127.8541667,36.72916667
"Papilio",127.8541667,37.85416667
"Papilio",127.8541667,37.97916667
"Papilio",127.8958333,34.89583333
"Papilio",127.8958333,34.9375
"Papilio",127.8958333,34.97916667
"Papilio",127.8958333,35.10416667
"Papilio",127.8958333,35.1875
"Papilio",127.8958333,35.3125
"Papilio",127.8958333,35.5625
"Papilio",127.8958333,35.6875
"Papilio",127.8958333,36.27083333
"Papilio",127.8958333,36.4375
"Papilio",127.8958333,36.8125
"Papilio",127.8958333,37.3125
"Papilio",127.9375,34.77083333
"Papilio",127.9375,34.8125
"Papilio",127.9375,35.1875
"Papilio",127.9375,35.4375
"Papilio",127.9375,35.64583333
"Papilio",127.9375,35.8125
"Papilio",127.9375,35.9375
"Papilio",127.9375,36.0625
"Papilio",127.9375,36.27083333
"Papilio",127.9375,36.3125
"Papilio",127.9375,36.35416667
"Papilio",127.9375,36.52083333
"Papilio",127.9375,36.5625
"Papilio",127.9375,36.60416667
"Papilio",127.9375,36.6875
"Papilio",127.9375,36.77083333
"Papilio",127.9375,36.8125
"Papilio",127.9375,36.89583333
"Papilio",127.9375,36.9375
"Papilio",127.9375,37.1875
"Papilio",127.9375,37.8125
"Papilio",127.9375,37.89583333
"Papilio",127.9375,37.9375
"Papilio",127.9791667,34.77083333
"Papilio",127.9791667,34.85416667
"Papilio",127.9791667,34.89583333
"Papilio",127.9791667,35.52083333
"Papilio",127.9791667,35.72916667
"Papilio",127.9791667,36.1875
"Papilio",127.9791667,36.47916667
"Papilio",127.9791667,36.6875
"Papilio",127.9791667,36.77083333
"Papilio",127.9791667,36.97916667
"Papilio",127.9791667,37.0625
"Papilio",127.9791667,37.10416667
"Papilio",127.9791667,38.14583333
"Papilio",127.9791667,38.1875
"Papilio",127.9791667,38.27083333
"Papilio",128.0208333,35.1875
"Papilio",128.0208333,35.72916667
"Papilio",128.0208333,35.8125
"Papilio",128.0208333,36.02083333
"Papilio",128.0208333,36.3125
"Papilio",128.0208333,36.35416667
"Papilio",128.0208333,36.4375
"Papilio",128.0208333,36.5625
"Papilio",128.0208333,36.8125
"Papilio",128.0208333,37.35416667
"Papilio",128.0208333,37.39583333
"Papilio",128.0208333,37.72916667
"Papilio",128.0208333,51.85416667
"Papilio",128.0625,35.1875
"Papilio",128.0625,35.3125
"Papilio",128.0625,35.4375
"Papilio",128.0625,35.60416667
"Papilio",128.0625,35.6875
"Papilio",128.0625,35.85416667
"Papilio",128.0625,35.9375
"Papilio",128.0625,36.0625
"Papilio",128.0625,36.10416667
"Papilio",128.0625,36.1875
"Papilio",128.0625,36.35416667
"Papilio",128.0625,36.4375
"Papilio",128.0625,36.5625
"Papilio",128.0625,36.6875
"Papilio",128.0625,36.89583333
"Papilio",128.0625,36.9375
"Papilio",128.0625,37.39583333
"Papilio",128.0625,37.4375
"Papilio",128.0625,37.77083333
"Papilio",128.0625,37.8125
"Papilio",128.0625,38.02083333
"Papilio",128.1041667,35.02083333
"Papilio",128.1041667,35.10416667
"Papilio",128.1041667,36.9375
"Papilio",128.1041667,37.4375
"Papilio",128.1041667,37.8125
"Papilio",128.1041667,38.1875
"Papilio",128.1458333,35.10416667
"Papilio",128.1458333,35.14583333
"Papilio",128.1458333,35.1875
"Papilio",128.1458333,35.9375
"Papilio",128.1458333,35.97916667
"Papilio",128.1458333,36.27083333
"Papilio",128.1458333,36.39583333
"Papilio",128.1458333,36.4375
"Papilio",128.1458333,36.52083333
"Papilio",128.1458333,36.5625
"Papilio",128.1458333,36.60416667
"Papilio",128.1458333,36.6875
"Papilio",128.1458333,36.77083333
"Papilio",128.1458333,36.8125
"Papilio",128.1458333,36.85416667
"Papilio",128.1458333,36.89583333
"Papilio",128.1458333,36.9375
"Papilio",128.1458333,36.97916667
"Papilio",128.1458333,37.4375
"Papilio",128.1458333,37.47916667
"Papilio",128.1458333,37.9375
"Papilio",128.1458333,51.35416667
"Papilio",128.1875,35.0625
"Papilio",128.1875,35.1875
"Papilio",128.1875,35.39583333
"Papilio",128.1875,35.4375
"Papilio",128.1875,35.52083333
"Papilio",128.1875,35.72916667
"Papilio",128.1875,35.77083333
"Papilio",128.1875,36.0625
"Papilio",128.1875,36.1875
"Papilio",128.1875,36.27083333
"Papilio",128.1875,36.3125
"Papilio",128.1875,36.6875
"Papilio",128.1875,36.77083333
"Papilio",128.1875,36.9375
"Papilio",128.1875,37.1875
"Papilio",128.1875,37.72916667
"Papilio",128.1875,37.8125
"Papilio",128.1875,37.97916667
"Papilio",128.1875,38.22916667
"Papilio",128.2291667,35.52083333
"Papilio",128.2291667,36.1875
"Papilio",128.2291667,36.22916667
"Papilio",128.2291667,36.72916667
"Papilio",128.2291667,36.77083333
"Papilio",128.2291667,36.9375
"Papilio",128.2291667,36.97916667
"Papilio",128.2291667,37.47916667
"Papilio",128.2291667,37.60416667
"Papilio",128.2291667,37.9375
"Papilio",128.2291667,38.22916667
"Papilio",128.2291667,38.35416667
"Papilio",128.2708333,35.35416667
"Papilio",128.2708333,35.47916667
"Papilio",128.2708333,35.6875
"Papilio",128.2708333,36.14583333
"Papilio",128.2708333,36.27083333
"Papilio",128.2708333,36.3125
"Papilio",128.2708333,36.4375
"Papilio",128.3125,35.02083333
"Papilio",128.3125,35.1875
"Papilio",128.3125,35.4375
"Papilio",128.3125,35.52083333
"Papilio",128.3125,35.8125
"Papilio",128.3125,35.9375
"Papilio",128.3125,36.0625
"Papilio",128.3125,36.10416667
"Papilio",128.3125,36.1875
"Papilio",128.3125,36.27083333
"Papilio",128.3125,36.3125
"Papilio",128.3125,36.35416667
"Papilio",128.3125,36.4375
"Papilio",128.3125,36.47916667
"Papilio",128.3125,36.5625
"Papilio",128.3125,36.77083333
"Papilio",128.3125,36.8125
"Papilio",128.3125,36.9375
"Papilio",128.3125,36.97916667
"Papilio",128.3125,37.3125
"Papilio",128.3125,37.4375
"Papilio",128.3125,38.0625
"Papilio",128.3125,38.39583333
"Papilio",128.3541667,34.9375
"Papilio",128.3541667,35.4375
"Papilio",128.3541667,35.6875
"Papilio",128.3541667,36.10416667
"Papilio",128.3541667,36.14583333
"Papilio",128.3541667,36.1875
"Papilio",128.3541667,36.35416667
"Papilio",128.3541667,36.47916667
"Papilio",128.3541667,36.6875
"Papilio",128.3541667,36.72916667
"Papilio",128.3541667,36.77083333
"Papilio",128.3541667,36.8125
"Papilio",128.3541667,36.85416667
"Papilio",128.3541667,36.89583333
"Papilio",128.3541667,36.9375
"Papilio",128.3541667,36.97916667
"Papilio",128.3958333,34.85416667
"Papilio",128.3958333,34.9375
"Papilio",128.3958333,34.97916667
"Papilio",128.3958333,35.0625
"Papilio",128.3958333,35.4375
"Papilio",128.3958333,35.47916667
"Papilio",128.3958333,35.6875
"Papilio",128.3958333,36.22916667
"Papilio",128.3958333,36.3125
"Papilio",128.3958333,36.77083333
"Papilio",128.3958333,36.97916667
"Papilio",128.3958333,37.22916667
"Papilio",128.3958333,37.35416667
"Papilio",128.3958333,38.47916667
"Papilio",128.4375,34.9375
"Papilio",128.4375,35.0625
"Papilio",128.4375,35.1875
"Papilio",128.4375,35.27083333
"Papilio",128.4375,35.3125
"Papilio",128.4375,35.35416667
"Papilio",128.4375,35.5625
"Papilio",128.4375,35.60416667
"Papilio",128.4375,35.6875
"Papilio",128.4375,35.8125
"Papilio",128.4375,35.9375
"Papilio",128.4375,36.0625
"Papilio",128.4375,36.1875
"Papilio",128.4375,36.3125
"Papilio",128.4375,36.4375
"Papilio",128.4375,36.6875
"Papilio",128.4375,37.27083333
"Papilio",128.4375,38.3125
"Papilio",128.4791667,35.27083333
"Papilio",128.4791667,36.1875
"Papilio",128.4791667,36.35416667
"Papilio",128.4791667,36.39583333
"Papilio",128.4791667,36.4375
"Papilio",128.4791667,36.52083333
"Papilio",128.4791667,36.85416667
"Papilio",128.4791667,37.1875
"Papilio",128.4791667,37.47916667
"Papilio",128.4791667,37.5625
"Papilio",128.4791667,38.1875
"Papilio",128.4791667,38.22916667
"Papilio",128.4791667,38.27083333
"Papilio",128.4791667,38.3125
"Papilio",128.5208333,35.1875
"Papilio",128.5208333,35.39583333
"Papilio",128.5208333,35.6875
"Papilio",128.5208333,35.8125
"Papilio",128.5208333,36.35416667
"Papilio",128.5208333,36.47916667
"Papilio",128.5208333,36.52083333
"Papilio",128.5208333,36.8125
"Papilio",128.5208333,38.27083333
"Papilio",128.5625,35.1875
"Papilio",128.5625,35.3125
"Papilio",128.5625,35.4375
"Papilio",128.5625,35.47916667
"Papilio",128.5625,35.52083333
"Papilio",128.5625,35.5625
"Papilio",128.5625,35.6875
"Papilio",128.5625,35.72916667
"Papilio",128.5625,35.8125
"Papilio",128.5625,35.9375
"Papilio",128.5625,35.97916667
"Papilio",128.5625,36.0625
"Papilio",128.5625,36.1875
"Papilio",128.5625,36.22916667
"Papilio",128.5625,36.3125
"Papilio",128.5625,36.4375
"Papilio",128.5625,36.6875
"Papilio",128.5625,36.8125
"Papilio",128.5625,36.89583333
"Papilio",128.5625,36.9375
"Papilio",128.5625,37.1875
"Papilio",128.5625,37.3125
"Papilio",128.5625,37.4375
"Papilio",128.5625,37.85416667
"Papilio",128.5625,37.97916667
"Papilio",128.5625,38.1875
"Papilio",128.6041667,34.85416667
"Papilio",128.6041667,34.9375
"Papilio",128.6041667,35.22916667
"Papilio",128.6041667,35.9375
"Papilio",128.6041667,36.22916667
"Papilio",128.6041667,36.27083333
"Papilio",128.6041667,36.3125
"Papilio",128.6041667,36.4375
"Papilio",128.6041667,36.85416667
"Papilio",128.6041667,37.3125
"Papilio",128.6041667,37.35416667
"Papilio",128.6041667,38.02083333
"Papilio",128.6041667,38.1875
"Papilio",128.6458333,35.1875
"Papilio",128.6458333,35.22916667
"Papilio",128.6458333,35.3125
"Papilio",128.6458333,37.89583333
"Papilio",128.6458333,38.0625
"Papilio",128.6875,35.27083333
"Papilio",128.6875,35.3125
"Papilio",128.6875,35.4375
"Papilio",128.6875,35.5625
"Papilio",128.6875,35.8125
"Papilio",128.6875,35.9375
"Papilio",128.6875,36.02083333
"Papilio",128.6875,36.0625
"Papilio",128.6875,36.3125
"Papilio",128.6875,36.35416667
"Papilio",128.6875,36.5625
"Papilio",128.6875,36.9375
"Papilio",128.6875,37.1875
"Papilio",128.6875,37.27083333
"Papilio",128.6875,37.3125
"Papilio",128.6875,37.35416667
"Papilio",128.6875,37.4375
"Papilio",128.6875,37.9375
"Papilio",128.7291667,35.1875
"Papilio",128.7291667,35.4375
"Papilio",128.7291667,35.72916667
"Papilio",128.7291667,36.27083333
"Papilio",128.7291667,36.3125
"Papilio",128.7291667,36.35416667
"Papilio",128.7291667,36.39583333
"Papilio",128.7291667,36.4375
"Papilio",128.7291667,36.77083333
"Papilio",128.7291667,36.8125
"Papilio",128.7291667,36.89583333
"Papilio",128.7291667,37.9375
"Papilio",128.7708333,35.1875
"Papilio",128.7708333,35.22916667
"Papilio",128.7708333,35.5625
"Papilio",128.7708333,35.8125
"Papilio",128.7708333,36.0625
"Papilio",128.7708333,36.4375
"Papilio",128.7708333,36.5625
"Papilio",128.7708333,36.97916667
"Papilio",128.7708333,37.9375
"Papilio",128.8125,35.4375
"Papilio",128.8125,35.5625
"Papilio",128.8125,35.64583333
"Papilio",128.8125,35.6875
"Papilio",128.8125,35.9375
"Papilio",128.8125,36.0625
"Papilio",128.8125,36.1875
"Papilio",128.8125,36.22916667
"Papilio",128.8125,36.3125
"Papilio",128.8125,36.4375
"Papilio",128.8125,36.5625
"Papilio",128.8125,36.6875
"Papilio",128.8125,36.8125
"Papilio",128.8125,36.9375
"Papilio",128.8125,36.97916667
"Papilio",128.8125,37.3125
"Papilio",128.8125,37.4375
"Papilio",128.8125,37.8125
"Papilio",128.8541667,35.3125
"Papilio",128.8541667,35.35416667
"Papilio",128.8541667,35.4375
"Papilio",128.8541667,35.47916667
"Papilio",128.8541667,35.64583333
"Papilio",128.8541667,35.6875
"Papilio",128.8541667,35.8125
"Papilio",128.8541667,35.9375
"Papilio",128.8541667,36.35416667
"Papilio",128.8541667,36.8125
"Papilio",128.8958333,35.39583333
"Papilio",128.8958333,35.5625
"Papilio",128.8958333,36.3125
"Papilio",128.8958333,36.8125
"Papilio",128.8958333,36.97916667
"Papilio",128.8958333,37.4375
"Papilio",128.8958333,37.47916667
"Papilio",128.9375,35.22916667
"Papilio",128.9375,35.3125
"Papilio",128.9375,35.5625
"Papilio",128.9375,35.60416667
"Papilio",128.9375,35.64583333
"Papilio",128.9375,35.6875
"Papilio",128.9375,35.8125
"Papilio",128.9375,35.89583333
"Papilio",128.9375,36.0625
"Papilio",128.9375,36.1875
"Papilio",128.9375,36.3125
"Papilio",128.9375,36.39583333
"Papilio",128.9375,36.4375
"Papilio",128.9375,36.6875
"Papilio",128.9375,36.8125
"Papilio",128.9375,36.9375
"Papilio",128.9375,37.3125
"Papilio",128.9375,37.5625
"Papilio",128.9791667,35.10416667
"Papilio",128.9791667,35.4375
"Papilio",128.9791667,35.52083333
"Papilio",128.9791667,35.64583333
"Papilio",128.9791667,35.6875
"Papilio",128.9791667,35.8125
"Papilio",128.9791667,35.85416667
"Papilio",128.9791667,36.3125
"Papilio",128.9791667,36.35416667
"Papilio",129.0208333,35.10416667
"Papilio",129.0208333,35.1875
"Papilio",129.0208333,35.22916667
"Papilio",129.0208333,35.52083333
"Papilio",129.0208333,35.5625
"Papilio",129.0208333,35.85416667
"Papilio",129.0208333,36.1875
"Papilio",129.0208333,37.4375
"Papilio",129.0625,35.10416667
"Papilio",129.0625,35.27083333
"Papilio",129.0625,35.35416667
"Papilio",129.0625,35.39583333
"Papilio",129.0625,35.4375
"Papilio",129.0625,35.6875
"Papilio",129.0625,35.8125
"Papilio",129.0625,35.9375
"Papilio",129.0625,36.0625
"Papilio",129.0625,36.1875
"Papilio",129.0625,36.3125
"Papilio",129.0625,36.6875
"Papilio",129.0625,36.9375
"Papilio",129.0625,36.97916667
"Papilio",129.0625,37.02083333
"Papilio",129.0625,37.1875
"Papilio",129.0625,37.3125
"Papilio",129.0625,37.4375
"Papilio",129.0625,37.5625
"Papilio",129.1041667,35.39583333
"Papilio",129.1041667,36.3125
"Papilio",129.1041667,36.47916667
"Papilio",129.1041667,36.85416667
"Papilio",129.1458333,35.39583333
"Papilio",129.1458333,35.6875
"Papilio",129.1458333,35.77083333
"Papilio",129.1458333,35.8125
"Papilio",129.1458333,37.4375
"Papilio",129.1875,35.1875
"Papilio",129.1875,35.22916667
"Papilio",129.1875,35.3125
"Papilio",129.1875,35.39583333
"Papilio",129.1875,35.5625
"Papilio",129.1875,35.6875
"Papilio",129.1875,35.8125
"Papilio",129.1875,35.9375
"Papilio",129.1875,36.0625
"Papilio",129.1875,36.14583333
"Papilio",129.1875,36.1875
"Papilio",129.1875,36.3125
"Papilio",129.1875,36.35416667
"Papilio",129.1875,36.4375
"Papilio",129.1875,36.47916667
"Papilio",129.1875,36.5625
"Papilio",129.1875,36.6875
"Papilio",129.1875,36.9375
"Papilio",129.1875,37.1875
"Papilio",129.1875,37.3125
"Papilio",129.2291667,35.52083333
"Papilio",129.2291667,35.8125
"Papilio",129.2291667,35.97916667
"Papilio",129.2291667,36.77083333
"Papilio",129.2291667,37.3125
"Papilio",129.2708333,35.60416667
"Papilio",129.2708333,35.64583333
"Papilio",129.2708333,35.6875
"Papilio",129.2708333,35.77083333
"Papilio",129.2708333,36.77083333
"Papilio",129.2708333,36.9375
"Papilio",129.2708333,37.1875
"Papilio",129.2708333,37.27083333
"Papilio",129.3125,35.4375
"Papilio",129.3125,35.9375
"Papilio",129.3125,36.0625
"Papilio",129.3125,36.1875
"Papilio",129.3125,36.22916667
"Papilio",129.3125,36.3125
"Papilio",129.3125,36.5625
"Papilio",129.3125,36.6875
"Papilio",129.3125,36.77083333
"Papilio",129.3125,36.8125
"Papilio",129.3125,36.9375
"Papilio",129.3125,37.1875
"Papilio",129.3125,37.22916667
"Papilio",129.3541667,35.6875
"Papilio",129.3541667,36.9375
"Papilio",129.3958333,35.5625
"Papilio",129.3958333,35.60416667
"Papilio",129.3958333,35.6875
"Papilio",129.3958333,36.10416667
"Papilio",129.3958333,36.4375
"Papilio",129.3958333,36.8125
"Papilio",129.3958333,36.85416667
"Papilio",129.3958333,36.9375
"Papilio",129.3958333,36.97916667
"Papilio",129.4375,35.5625
"Papilio",129.4375,35.72916667
"Papilio",129.4375,35.8125
"Papilio",129.4375,35.9375
"Papilio",129.4375,35.97916667
"Papilio",129.4375,36.4375
"Papilio",129.4375,36.5625
"Papilio",129.4375,36.6875
"Papilio",129.4375,36.8125
"Papilio",129.5208333,36.02083333
"Papilio",129.7291667,49.35416667
"Papilio",129.7291667,49.39583333
"Papilio",129.8541667,32.72916667
"Papilio",130.1041667,33.47916667
"Papilio",130.1875,33.5625
"Papilio",130.2291667,33.39583333
"Papilio",130.2708333,32.72916667
"Papilio",130.2708333,33.5625
"Papilio",130.3958333,33.5625
"Papilio",130.5208333,31.52083333
"Papilio",130.6041667,31.77083333
"Papilio",130.6875,32.8125
"Papilio",130.6875,42.52083333
"Papilio",130.7291667,32.77083333
"Papilio",130.7291667,49.10416667
"Papilio",130.7708333,31.77083333
"Papilio",131.1041667,49.10416667
"Papilio",131.3958333,33.27083333
"Papilio",131.3958333,44.72916667
"Papilio",131.4791667,31.8125
"Papilio",131.4791667,33.3125
"Papilio",131.6875,43.6875
"Papilio",131.6875,43.72916667
"Papilio",131.7708333,44.85416667
"Papilio",131.9791667,45.0625
"Papilio",132.1458333,43.6875
"Papilio",132.3125,34.35416667
"Papilio",132.4375,34.4375
"Papilio",132.7708333,33.77083333
"Papilio",132.7708333,33.85416667
"Papilio",132.7708333,43.14583333
"Papilio",132.8125,44.60416667
"Papilio",132.8958333,32.97916667
"Papilio",133.2291667,35.4375
"Papilio",133.3541667,33.97916667
"Papilio",133.4791667,33.5625
"Papilio",133.4791667,33.60416667
"Papilio",133.5208333,33.5625
"Papilio",133.5208333,45.22916667
"Papilio",133.6458333,34.89583333
"Papilio",133.6875,33.5625
"Papilio",133.8125,34.27083333
"Papilio",133.9375,34.64583333
"Papilio",134.0208333,34.85416667
"Papilio",134.2708333,34.10416667
"Papilio",134.3541667,46.85416667
"Papilio",134.8125,34.89583333
"Papilio",134.9791667,34.47916667
"Papilio",134.9791667,35.02083333
"Papilio",135.1458333,34.6875
"Papilio",135.1458333,35.3125
"Papilio",135.1875,34.6875
"Papilio",135.1875,34.72916667
"Papilio",135.2291667,34.8125
"Papilio",135.2708333,34.85416667
"Papilio",135.3125,34.72916667
"Papilio",135.3541667,34.77083333
"Papilio",135.3958333,34.77083333
"Papilio",135.3958333,35.47916667
"Papilio",135.4375,34.77083333
"Papilio",135.4791667,34.72916667
"Papilio",135.4791667,34.8125
"Papilio",135.4791667,34.85416667
"Papilio",135.5208333,34.6875
"Papilio",135.5208333,34.72916667
"Papilio",135.5208333,34.8125
"Papilio",135.5625,34.8125
"Papilio",135.6041667,34.5625
"Papilio",135.6041667,34.6875
"Papilio",135.6041667,35.47916667
"Papilio",135.6458333,34.97916667
"Papilio",135.6875,35.02083333
"Papilio",135.7291667,35.02083333
"Papilio",135.7291667,35.47916667
"Papilio",135.7708333,34.89583333
"Papilio",135.7708333,34.97916667
"Papilio",135.7708333,35.02083333
"Papilio",135.7708333,35.0625
"Papilio",135.8125,34.6875
"Papilio",135.8125,35.02083333
"Papilio",135.8541667,34.6875
"Papilio",135.8541667,35.02083333
"Papilio",136.1458333,45.3125
"Papilio",136.1875,35.85416667
"Papilio",136.1875,36.22916667
"Papilio",136.2291667,35.27083333
"Papilio",136.4791667,34.72916667
"Papilio",136.5208333,35.10416667
"Papilio",136.5208333,51.3125
"Papilio",136.5625,35.10416667
"Papilio",136.5625,35.35416667
"Papilio",136.6041667,36.5625
"Papilio",136.6458333,35.14583333
"Papilio",136.6458333,36.4375
"Papilio",136.6458333,36.5625
"Papilio",136.6875,36.5625
"Papilio",136.7708333,35.47916667
"Papilio",136.8125,35.14583333
"Papilio",136.8958333,35.1875
"Papilio",136.9375,35.22916667
"Papilio",137.0208333,35.1875
"Papilio",137.0208333,35.27083333
"Papilio",137.0625,34.97916667
"Papilio",137.0625,35.22916667
"Papilio",137.1458333,34.9375
"Papilio",137.1458333,34.97916667
"Papilio",137.1875,34.9375
"Papilio",137.1875,34.97916667
"Papilio",137.1875,36.72916667
"Papilio",137.3541667,36.64583333
"Papilio",137.5208333,35.47916667
"Papilio",138.0208333,34.77083333
"Papilio",138.1041667,35.0625
"Papilio",138.1875,36.35416667
"Papilio",138.2291667,36.39583333
"Papilio",138.2708333,34.8125
"Papilio",138.2708333,34.85416667
"Papilio",138.2708333,36.39583333
"Papilio",138.3125,34.85416667
"Papilio",138.6041667,35.22916667
"Papilio",138.8541667,35.10416667
"Papilio",138.8958333,35.14583333
"Papilio",138.9375,35.10416667
"Papilio",139.2291667,35.39583333
"Papilio",139.2291667,35.64583333
"Papilio",139.2291667,35.6875
"Papilio",139.2291667,36.27083333
"Papilio",139.2708333,35.4375
"Papilio",139.2708333,35.60416667
"Papilio",139.2708333,35.64583333
"Papilio",139.2708333,35.6875
"Papilio",139.3125,35.39583333
"Papilio",139.3125,35.47916667
"Papilio",139.3125,35.72916667
"Papilio",139.3125,35.85416667
"Papilio",139.3125,36.3125
"Papilio",139.3541667,35.4375
"Papilio",139.3541667,35.72916667
"Papilio",139.3958333,35.47916667
"Papilio",139.3958333,35.6875
"Papilio",139.3958333,35.9375
"Papilio",139.4375,35.47916667
"Papilio",139.4375,35.6875
"Papilio",139.4375,35.9375
"Papilio",139.4791667,35.35416667
"Papilio",139.4791667,35.47916667
"Papilio",139.4791667,35.6875
"Papilio",139.4791667,35.77083333
"Papilio",139.5208333,35.39583333
"Papilio",139.5208333,35.47916667
"Papilio",139.5208333,35.5625
"Papilio",139.5208333,35.60416667
"Papilio",139.5208333,35.64583333
"Papilio",139.5208333,35.9375
"Papilio",139.5625,34.14583333
"Papilio",139.5625,35.35416667
"Papilio",139.5625,35.39583333
"Papilio",139.5625,35.4375
"Papilio",139.5625,35.47916667
"Papilio",139.5625,35.52083333
"Papilio",139.5625,35.5625
"Papilio",139.5625,35.60416667
"Papilio",139.6041667,35.35416667
"Papilio",139.6041667,35.4375
"Papilio",139.6041667,35.47916667
"Papilio",139.6041667,35.52083333
"Papilio",139.6041667,35.5625
"Papilio",139.6041667,35.60416667
"Papilio",139.6041667,35.64583333
"Papilio",139.6041667,35.89583333
"Papilio",139.6041667,35.9375
"Papilio",139.6458333,35.4375
"Papilio",139.6458333,35.89583333
"Papilio",139.6875,35.52083333
"Papilio",139.6875,35.60416667
"Papilio",139.6875,35.64583333
"Papilio",139.6875,35.6875
"Papilio",139.6875,35.72916667
"Papilio",139.7291667,35.64583333
"Papilio",139.8125,35.9375
"Papilio",139.8958333,36.5625
"Papilio",139.9375,35.72916667
"Papilio",139.9375,36.5625
"Papilio",140.0625,35.6875
"Papilio",140.0625,36.14583333
"Papilio",140.0625,39.6875
"Papilio",140.1041667,36.0625
"Papilio",140.1041667,36.10416667
"Papilio",140.1041667,36.1875
"Papilio",140.1458333,35.97916667
"Papilio",140.1875,39.64583333
"Papilio",140.3125,35.77083333
"Papilio",140.5625,39.1875
"Papilio",140.6041667,37.97916667
"Papilio",140.7291667,40.8125
"Papilio",140.8541667,38.27083333
"Papilio",140.8958333,38.22916667
"Papilio",140.8958333,38.27083333
"Papilio",141.2708333,43.0625
"Papilio",142.8958333,51.5625
"Papilio",174.7291667,-36.8125
"Papilio",9.270833333,48.77083333
"Papilio",97.02083333,28.14583333
"Papilio",98.9375,26.5625
"Papilio",98.9375,28.47916667
"Papilio",99.3125,27.8125
"Papilio",99.89583333,26.85416667
